model,invalid_percentage,mra_S2,mra_D2,mra_S3,mra_D3,mra_average,mra_bg_C,mra_bg_S,mra_bg_X,mra_obj_multiple,mra_obj_single
gpt-5.1,6.289308176100629,0.5687500000000001,0.3540540540540541,0.4558139534883721,0.5638297872340425,0.4856119486941172,0.4803958409181533,,,0.4750977625977626,
